<?xml version="1.0" encoding="utf-8" ?>
<Defs>

<!--================================ Abstract bases ======================================-->

  <ThingDef Name="BuildingBase" Abstract="True">
    <category>Building</category>
    <thingClass>Building</thingClass>
    <soundImpactDefault>BulletImpact_Metal</soundImpactDefault>
    <selectable>true</selectable>
    <drawerType>MapMeshAndRealTime</drawerType>
    <terrainAffordanceNeeded>Light</terrainAffordanceNeeded>
    <repairEffect>Repair</repairEffect>
    <leaveResourcesWhenKilled>true</leaveResourcesWhenKilled>
    <filthLeaving>Filth_RubbleBuilding</filthLeaving>
		<statBases>
			<SellPriceFactor>0.70</SellPriceFactor>
		</statBases>
  </ThingDef>
  
<!--================================ ship part bases ======================================-->

<ThingDef ParentName="BuildingBase" Name="sd_spaceship_shippart_Base" Abstract="True">
	<statBases>
		<Mass>1000</Mass>
	</statBases>
	<placeWorkers>
      <li>PlaceWorker_NotUnderRoof</li>
    </placeWorkers>
	<researchPrerequisites>
      <li>ShipBasics</li>
    </researchPrerequisites>
	<minifiedDef>MinifiedThing</minifiedDef>
	<altitudeLayer>Building</altitudeLayer>
    <passability>PassThroughOnly</passability>
    <pathCost>150</pathCost>
    <blockWind>true</blockWind>
    <castEdgeShadows>true</castEdgeShadows>
    <fillPercent>1</fillPercent>
    <blockLight>False</blockLight>
	<designationCategory>Ship</designationCategory>
	<thingCategories>
      <li>BuildingsSpecial</li>
    </thingCategories>
	<constructionSkillPrerequisite>5</constructionSkillPrerequisite>
  </ThingDef>
  
</Defs>